{
  "Client A": 2.961538462,
  "Client B": 2.269230769,
  "Client C": 3.615384615,
  "Client D": 3.923076923,
  "Client E": 1.576923077,
  "Client F": 1.576923077,
  "Client G": 0.8846153846,
  "Client H": 0.2115384615
}
